schemaName,tableName,totalBytes,tableBytes,indexBytes,toastBytes,liveTuples,deadTuples,seqScans,idxScans,inserts,updates,deletes,hotUpdates,vacuumCount,autovacuumCount,analyzeCount,autoanalyzeCount
settlement,canonical_trade_intake,2385084416,1043120128,1342038016,0,1263882,0,4,271887,1272492,0,0,0,0,7,0,7
settlement,canonical_settlement_obligations,1879572480,954212352,925065216,294912,1264511,7566,3,402653,1271790,71539,0,4149,0,7,0,7
settlement,canonical_intake_receipts,1643110400,1245904896,397033472,172032,2885863,0,2,141445,2895275,0,0,0,0,7,0,7
settlement,canonical_order_directory,1165008896,713695232,451174400,139264,1993559,0,1,1341637,2001115,0,0,0,0,7,0,7
settlement,canonical_transition_admission_accounts,503726080,127238144,376438784,49152,495700,0,2,2082086,495802,0,0,0,0,5,0,5
settlement,canonical_transition_ledger_entries,208994304,106823680,102146048,24576,285902,0,2,0,286156,0,0,0,0,7,0,7
settlement,canonical_transition_attempts,100253696,58785792,41418752,49152,71539,0,2,286156,71539,0,0,0,0,7,0,7
settlement,canonical_account_checkpoints,52715520,14114816,38559744,40960,39371,0,3,39374,39347,0,0,0,0,7,0,7
settlement,canonical_transition_admissions,20545536,9052160,11452416,40960,20756,0,3,877097,20747,0,0,0,0,4,0,5
settlement,canonical_transition_dependencies,13934592,7036928,6856704,40960,55122,0,1,88292,55063,0,0,0,0,5,0,5
settlement,canonical_intake_coverage,2039808,1236992,761856,40960,5842,0,1,141445,5832,0,0,0,0,2,0,7
settlement,canonical_obligation_coverage,2023424,1220608,761856,40960,5845,0,16249,113539,5829,0,0,0,0,2,0,7
settlement,canonical_transition_coverage,1114112,901120,172032,40960,1667,0,1,0,1665,0,0,0,0,1,0,7
settlement,canonical_transition_admission_completions,802816,548864,212992,40960,1669,0,7163,98478,1665,0,0,0,0,1,0,4
settlement,canonical_account_state,516096,344064,131072,40960,325,471,3197,78853,325,39347,0,38267,0,7,0,7
settlement,resource_positions,253952,139264,81920,32768,325,0,3,325,325,0,0,0,0,0,0,1
settlement,canonical_resource_openings,180224,57344,90112,32768,325,0,131479,44659,325,0,0,0,0,0,0,1
settlement,canonical_transition_admission_counter,163840,106496,16384,40960,1,163,3606,114551,1,20747,0,20399,0,7,0,7
settlement,canonical_transition_admission_frontiers,106496,49152,16384,40960,16,264,99850,47100,16,20747,0,20731,0,7,0,7
settlement,canonical_obligation_frontiers,73728,16384,16384,40960,16,51,190460,23621,16,5829,0,5826,0,5,0,7
settlement,canonical_intake_frontiers,65536,16384,16384,32768,16,59,121595,25148,16,5832,0,5822,0,0,0,7
settlement,canonical_policy_bindings,32768,8192,16384,8192,1,0,1,2852887,1,0,0,0,0,0,0,0
settlement,canonical_transition_frontiers,32768,8192,16384,8192,16,32,81549,70725,16,1665,0,1665,0,0,0,7
settlement,affirmations,24576,0,16384,8192,0,0,2,0,0,0,0,0,0,0,0,0
settlement,allocations,24576,0,16384,8192,0,0,2,0,0,0,0,0,0,0,0,0
settlement,attempts,24576,0,16384,8192,0,0,2,0,0,0,0,0,0,0,0,0
settlement,breaks,24576,0,16384,8192,0,0,3,0,0,0,0,0,0,0,0,0
settlement,clearing_acceptances,24576,0,16384,8192,0,0,2,0,0,0,0,0,0,0,0,0
settlement,clearing_rejections,24576,0,16384,8192,0,0,2,0,0,0,0,0,0,0,0,0
settlement,clearing_submissions,24576,0,16384,8192,0,0,2,0,0,0,0,0,0,0,0,0
settlement,confirmations,24576,0,16384,8192,0,0,2,0,0,0,0,0,0,0,0,0
settlement,instructions,24576,0,16384,8192,0,0,2,0,0,0,0,0,0,0,0,0
settlement,ledger_entries,24576,0,16384,8192,0,0,2,0,0,0,0,0,0,0,0,0
settlement,leg_outcomes,24576,0,16384,8192,0,0,3,0,0,0,0,0,0,0,0,0
settlement,novations,24576,0,16384,8192,0,0,2,0,0,0,0,0,0,0,0,0
settlement,obligations,24576,0,16384,8192,0,0,2,0,0,0,0,0,0,0,0,0
settlement,operator_actions,24576,0,16384,8192,0,0,2,0,0,0,0,0,0,0,0,0
settlement,repairs,24576,0,16384,8192,0,0,3,0,0,0,0,0,0,0,0,0
settlement,resolutions,24576,0,16384,8192,0,0,2,0,0,0,0,0,0,0,0,0
settlement,settlements,24576,0,16384,8192,0,0,2,0,0,0,0,0,0,0,0,0
