queryId,topLevel,query,calls,totalPlanTime,totalExecTime,rows,sharedBlocksHit,sharedBlocksRead,sharedBlocksDirtied,sharedBlocksWritten,tempBlocksRead,tempBlocksWritten,blockReadTime,blockWriteTime,walRecords,walFpi,walBytes
-7548572491552837847,t,UPDATE settlement.canonical_transition_admission_counter                        SET next_rank = next_rank + $3                        WHERE event_stream = $1 AND source_generation = $2                        RETURNING next_rank - $4,20852,0,2340252.477183993,20852,401198,601,370,441,0,0,0,0,41669,154,3069401
1444013335696795518,t,"INSERT INTO settlement.canonical_transition_admission_counter(event_stream, source_generation)                        VALUES ($1, $2) ON CONFLICT DO NOTHING",20857,0,1457679.3260550008,1,229024,6,7,3,0,0,0,0,187,1,32381
-1657557117030073822,t,"SELECT stream_sequence, effect_ordinal, trade_id, event_id,                           execution_id, buy_order_id, sell_order_id, run_id, venue_session_id,                           buyer_participant_id, seller_participant_id, buyer_account_id, seller_account_id,                           instrument_id, quantity_units, price, currency, occurred_at_text                    FROM settlement.canonical_trade_intake                    WHERE event_stream = $1 AND source_generation = $2 AND partition_id = $3                      AND stream_sequence > $4 AND stream_sequence <= $5                    ORDER BY stream_sequence, effect_ordinal LIMIT $6",273324,0,294139.1664370028,35517371,10566240,116323,0,79458,0,0,0,0,0,0,0
3072637370400603956,t,"INSERT INTO settlement.canonical_settlement_obligations(                  event_stream, source_generation, partition_id, stream_sequence, effect_ordinal,                  trade_id, event_id, run_id, venue_session_id, post_trade_profile_id,                  post_trade_policy_version, post_trade_mode, settlement_cycle, netting_mode,                  ledger_posting_mode, selection_source,                  buyer_participant_id, seller_participant_id, buyer_account_id, seller_account_id,                  instrument_id, quantity_units, cash_amount, currency, occurred_at                ) VALUES ($1, $2, $3, $4, $5, $6, $7, $8, $9, $10, $11, $12, $13, $14, $15, $16, $17, $18, $19, $20, $21, $22, $23, $24, $25)",1278384,0,203916.26670600346,1278384,16304505,269580,492650,555979,0,0,0,0,5227605,110389,2688811862
4395770833179059636,t,"INSERT INTO settlement.canonical_transition_admission_accounts(                          event_stream, source_generation, admission_rank, run_id,                          participant_id, account_id, asset_type, asset_id, predecessor_rank)                        VALUES ($1, $2, $3, $4, $5, $6, $7, $8, $9)",498283,0,194753.57805799588,498283,10224475,22029,94589,117471,0,0,0,0,2038942,21411,717508177
3614509026923491746,t,"INSERT INTO settlement.canonical_trade_intake(                  event_stream, source_generation, partition_id, stream_sequence, effect_ordinal,                  event_id, trade_id, execution_id, run_id, venue_session_id,                  buy_order_id, sell_order_id, buyer_participant_id, seller_participant_id,                  buyer_account_id, seller_account_id, instrument_id, quantity_units, price,                  currency, occurred_at_text                ) VALUES ($1, $2, $3, $4, $5, $6, $7, $8, $9, $10, $11, $12, $13, $14, $15, $16, $17, $18, $19, $20, $21)",1278846,0,157447.11011200448,1278846,21842786,417782,707224,779609,0,0,0,0,6558640,171821,3632284813
7052992374160726533,t,"INSERT INTO settlement.canonical_order_directory(                  event_stream, source_generation, order_id, run_id, venue_session_id,                  instrument_id, participant_id, account_id, side, currency,                  source_partition_id, source_stream_sequence, source_effect_ordinal                ) VALUES ($1, $2, $3, $4, $5, $6, $7, $8, $9, $10, $11, $12, $13)",2011600,0,117856.49632099427,2011600,10208803,48708,213962,272345,0,0,0,0,4078462,35218,1518715248
6628009510112272589,t,"SELECT order_id, run_id, venue_session_id, instrument_id, participant_id,                       account_id, side, currency, source_partition_id, source_stream_sequence,                       source_effect_ordinal                FROM settlement.canonical_order_directory                WHERE event_stream = $1 AND source_generation = $2 AND order_id = ANY($3)",5863,0,103965.153857,302832,7863059,237557,67884,159429,0,0,0,0,0,0,0
-5388039918758005563,t,"INSERT INTO settlement.canonical_intake_receipts(                  event_stream, source_generation, partition_id, stream_sequence, batch_id,                  command_id, command_payload_hash, result_digest, effect_count, trade_count, trade_digest                ) VALUES ($1, $2, $3, $4, $5, $6, $7, $8, $9, $10, $11)",2909775,0,87324.9190140047,2909775,13982577,604,203052,336928,0,0,0,0,5868200,1540,1808042802
6741590864639194989,t,"SELECT current.run_id, current.participant_id, current.account_id,                       current.asset_type, current.asset_id, current.predecessor_rank,                       prior.admission_rank                FROM settlement.canonical_transition_admission_accounts current                LEFT JOIN LATERAL (                  SELECT previous.admission_rank                  FROM settlement.canonical_transition_admission_accounts previous                  WHERE previous.event_stream = current.event_stream                    AND previous.source_generation = current.source_generation                    AND previous.run_id = current.run_id                    AND previous.participant_id = current.participant_id                    AND previous.account_id = current.account_id                    AND previous.asset_type = current.asset_type                    AND previous.asset_id = current.asset_id                    AND previous.admission_rank < current.admission_rank                  ORDER BY previous.admission_rank DESC LIMIT $4                ) prior ON $5                WHERE current.event_stream = $1 AND current.source_generation = $2                  AND current.admission_rank = $3                ORDER BY current.run_id, current.participant_id, current.account_id,                         current.asset_type, current.asset_id",44375,0,83401.48958100034,1052205,6233225,6880,0,4637,0,0,0,0,0,0,0
586932267057431642,t,"INSERT INTO settlement.canonical_transition_ledger_entries(                  event_stream, source_generation, trade_id, attempt_number, entry_kind,                  run_id, participant_id, account_id, asset_type, asset_id, direction,                  quantity, occurred_at)                VALUES ($1, $2, $3, $13, $4, $5, $6, $7, $8, $9, $10, $11, $12)",287580,0,67288.2260559998,287580,4049357,71389,89212,91686,0,0,0,0,974885,28223,454692185
141426304155158411,t,"SELECT stream_sequence, effect_ordinal, trade_id, event_id, run_id, venue_session_id,                   post_trade_profile_id, post_trade_policy_version, post_trade_mode,                   settlement_cycle, netting_mode, ledger_posting_mode, selection_source,                   buyer_participant_id, seller_participant_id, buyer_account_id, seller_account_id,                   instrument_id, quantity_units, cash_amount, currency, occurred_at, status            FROM settlement.canonical_settlement_obligations            WHERE event_stream = $1 AND source_generation = $2 AND partition_id = $3              AND stream_sequence > $4 AND stream_sequence <= $5            ORDER BY stream_sequence, effect_ordinal LIMIT $6",130477,0,59666.383651999815,5655758,1111468,107453,15344,71823,0,0,0,0,1274,104,455998
790215694755705783,t,"SELECT stream_sequence, trade_count, trade_digest                FROM settlement.canonical_intake_receipts                WHERE event_stream = $1 AND source_generation = $2 AND partition_id = $3                  AND stream_sequence > $4 AND stream_sequence <= $5 ORDER BY stream_sequence",142195,0,58220.65701100063,18698622,1810187,153632,4,102960,0,0,0,0,0,0,0
60064661062602295,t,"SELECT requested.run_id, requested.participant_id, requested.account_id,                       requested.asset_type, requested.asset_id, opening.quantity, opening.position_count                FROM jsonb_to_recordset($1::jsonb) AS requested(                  run_id text, participant_id text, account_id text, asset_type text, asset_id text)                LEFT JOIN settlement.canonical_resource_openings opening                  ON opening.run_id = requested.run_id AND opening.participant_id = requested.participant_id                 AND opening.account_id = requested.account_id AND opening.asset_type = requested.asset_type                 AND opening.asset_id = requested.asset_id                ORDER BY requested.run_id, requested.participant_id, requested.account_id,                         requested.asset_type, requested.asset_id",66906,0,50169.00615299978,1590292,468396,0,0,0,0,0,0,0,0,0,0
2850738817276960243,t,"SELECT requested.run_id, requested.participant_id, requested.account_id,                                   requested.asset_type, requested.asset_id, prior.admission_rank                            FROM jsonb_to_recordset($1::jsonb) AS requested(                              run_id text, participant_id text, account_id text, asset_type text, asset_id text)                            LEFT JOIN LATERAL (                              SELECT admission_rank                              FROM settlement.canonical_transition_admission_accounts account                              WHERE account.event_stream = $2 AND account.source_generation = $3                                AND account.run_id = requested.run_id                                AND account.participant_id = requested.participant_id                                AND account.account_id = requested.account_id                                AND account.asset_type = requested.asset_type                                AND account.asset_id = requested.asset_id                              ORDER BY admission_rank DESC LIMIT $4                            ) prior ON $5                            ORDER BY requested.run_id, requested.participant_id, requested.account_id,                                     requested.asset_type, requested.asset_id",20851,0,40079.72458199981,498301,2635198,113,5,67,0,0,0,0,0,0,0
-561960706408445680,t,SELECT COUNT(*) FROM settlement.canonical_settlement_obligations o                LEFT JOIN settlement.canonical_policy_bindings b                  ON b.event_stream = o.event_stream AND b.source_generation = o.source_generation                 AND b.run_id = o.run_id AND b.venue_session_id = o.venue_session_id                WHERE o.event_stream = $1 AND o.source_generation = $2 AND o.partition_id = $3                  AND o.stream_sequence > $4 AND o.stream_sequence <= $5                  AND (b.run_id IS NULL OR b.post_trade_profile_id <> o.post_trade_profile_id                       OR b.post_trade_policy_version <> o.post_trade_policy_version                       OR b.post_trade_mode <> o.post_trade_mode OR b.settlement_cycle <> o.settlement_cycle                       OR b.netting_mode <> o.netting_mode OR b.ledger_posting_mode <> o.ledger_posting_mode                       OR b.selection_source <> o.selection_source),130473,0,32574.816752000388,130473,6927046,0,0,0,0,0,0,0,127,2,10663
-2209268397328337184,t,"INSERT INTO settlement.canonical_transition_attempts(                  event_stream, source_generation, trade_id, attempt_number, partition_id,                  stream_sequence, run_id, post_trade_profile_id, post_trade_policy_version,                  outcome, break_reason, workflow_facts, workflow_digest, occurred_at)                VALUES ($1, $2, $3, $14, $4, $5, $6, $7, $8, $9, $10, $11, $12, $13)",71895,0,28994.729866000584,71895,1432316,128118,84822,108756,0,0,0,0,292738,30520,294687742
5602832786155983976,t,UPDATE settlement.canonical_settlement_obligations SET status = $1                WHERE event_stream = $2 AND source_generation = $3 AND trade_id = $4 AND status = $5,71895,0,25901.401273000043,71895,2408617,56969,89780,50120,0,0,0,0,347199,60040,403513702
6527304513920158355,t,"SELECT source_generation, from_exclusive_sequence, through_inclusive_sequence,                       trade_count, trade_digest                FROM settlement.canonical_obligation_coverage                WHERE event_stream = $1 AND partition_id = $2                  AND through_inclusive_sequence > $3 AND from_exclusive_sequence < $4                ORDER BY through_inclusive_sequence LIMIT $5",130475,0,22664.318868999402,131129,2725137,2,3,2,0,0,0,0,0,0,0
6137411460114876345,t,"SELECT from_exclusive_sequence, through_inclusive_sequence, source_member_count, source_digest                FROM settlement.canonical_intake_coverage                WHERE event_stream = $1 AND source_generation = $2 AND partition_id = $3                  AND through_inclusive_sequence > $4 AND from_exclusive_sequence < $5                ORDER BY through_inclusive_sequence LIMIT $6",142197,0,21971.851690999756,142851,2592255,0,11,0,0,0,0,0,0,0,0
-3322327163115201439,t,"INSERT INTO settlement.canonical_transition_dependencies(                          event_stream, source_generation, admission_rank, predecessor_rank)                        VALUES ($1, $2, $3, $4)",55350,0,15538.002170999842,55350,882254,339,1891,3022,0,0,0,0,187741,434,23606894
-1263400903016455525,t,"SELECT COUNT(*) FILTER (WHERE completion.admission_rank IS NULL),                       COUNT(*) FILTER (WHERE completion.admission_rank IS NOT NULL                                          AND completion.obligation_digest <> prior.obligation_digest)                FROM settlement.canonical_transition_dependencies dependency                JOIN settlement.canonical_transition_admissions prior                  ON prior.event_stream = dependency.event_stream                 AND prior.source_generation = dependency.source_generation                 AND prior.admission_rank = dependency.predecessor_rank                LEFT JOIN settlement.canonical_transition_admission_completions completion                  ON completion.event_stream = dependency.event_stream                 AND completion.source_generation = dependency.source_generation                 AND completion.admission_rank = dependency.predecessor_rank                WHERE dependency.event_stream = $1 AND dependency.source_generation = $2                  AND dependency.admission_rank = $3",44374,0,9792.091763999986,44374,1323683,77,3,60,0,0,0,0,0,0,0
-8955107701823044530,t,"SELECT source_generation, last_stream_sequence FROM settlement.canonical_obligation_frontiers WHERE event_stream = $1 AND partition_id = $2",203326,0,5415.87677699985,194422,373176,0,1,0,0,0,0,0,151,0,26615
7450621909246958605,t,"SELECT state.run_id, state.participant_id, state.account_id, state.asset_type, state.asset_id,                       COALESCE(opening.quantity, $4), COALESCE(opening.position_count, $5),                       checkpoint.after_delta                FROM jsonb_to_recordset($1::jsonb) AS requested(             run_id text, participant_id text, account_id text, asset_type text, asset_id text)                JOIN settlement.canonical_account_state state                  ON state.event_stream = $2 AND state.source_generation = $3                 AND state.run_id = requested.run_id AND state.participant_id = requested.participant_id                 AND state.account_id = requested.account_id AND state.asset_type = requested.asset_type                 AND state.asset_id = requested.asset_id                LEFT JOIN settlement.canonical_resource_openings opening                  ON opening.run_id = requested.run_id AND opening.participant_id = requested.participant_id                 AND opening.account_id = requested.account_id AND opening.asset_type = requested.asset_type                 AND opening.asset_id = requested.asset_id                LEFT JOIN settlement.canonical_account_checkpoints checkpoint                  ON checkpoint.event_stream = state.event_stream                 AND checkpoint.source_generation = state.source_generation                 AND checkpoint.run_id = state.run_id AND checkpoint.participant_id = state.participant_id                 AND checkpoint.account_id = state.account_id AND checkpoint.asset_type = state.asset_type                 AND checkpoint.asset_id = state.asset_id AND checkpoint.account_version = state.account_version",1672,0,5332.334910000003,39566,495854,31203,2739,21092,0,0,0,0,12,0,1368
7622280052896604812,t,"INSERT INTO settlement.canonical_transition_frontiers(                      event_stream, partition_id, source_generation, last_stream_sequence)                    VALUES ($1, $2, $3, $4) ON CONFLICT (event_stream, partition_id) DO NOTHING",44375,0,4858.512679000003,16,88787,0,21,2,0,0,0,0,65,0,8014
1017528886662939883,t,"SELECT source_generation, last_stream_sequence FROM settlement.canonical_intake_frontiers                    WHERE event_stream = $1 AND partition_id = $2",135584,0,4099.492129999946,118418,270711,0,0,0,0,0,0,0,240,0,31874
-6420727124172631369,t,"INSERT INTO settlement.canonical_account_checkpoints(                  event_stream, source_generation, run_id, participant_id, account_id,                  asset_type, asset_id, account_version, partition_id,                  from_exclusive_sequence, through_inclusive_sequence,                  before_delta, after_delta, posting_digest)                VALUES ($1, $2, $3, $4, $5, $6, $7, $8, $9, $10, $11, $12, $13, $14)",39539,0,3680.922418999965,39539,399081,7229,39577,15683,0,0,0,0,166809,9931,118741234
7693551203284666968,t,"INSERT INTO settlement.canonical_account_state(                  event_stream, source_generation, run_id, participant_id, account_id,                  asset_type, asset_id, opening_quantity, opening_position_count)                SELECT $1, $2, requested.run_id, requested.participant_id, requested.account_id,                       requested.asset_type, requested.asset_id,                       COALESCE(opening.quantity, $4), COALESCE(opening.position_count, $5)                FROM jsonb_to_recordset($3::jsonb) AS requested(             run_id text, participant_id text, account_id text, asset_type text, asset_id text)                LEFT JOIN settlement.canonical_resource_openings opening                  ON opening.run_id = requested.run_id AND opening.participant_id = requested.participant_id                 AND opening.account_id = requested.account_id AND opening.asset_type = requested.asset_type                 AND opening.asset_id = requested.asset_id                ORDER BY requested.run_id, requested.participant_id, requested.account_id,                         requested.asset_type, requested.asset_id                ON CONFLICT DO NOTHING",1672,0,3677.148132000004,325,134456,177,480,147,0,0,0,0,1723,4,335789
4631441373740639972,t,"INSERT INTO settlement.canonical_transition_admissions(                          event_stream, source_generation, admission_rank, partition_id,                          from_exclusive_sequence, through_inclusive_sequence,                          obligation_count, obligation_digest, account_set_digest,                          opening_digest, dependency_digest)                        VALUES ($1, $2, $3, $4, $5, $6, $7, $8, $9, $10, $11)",20852,0,3556.440064000012,20852,175130,4285,7058,7062,0,0,0,0,84806,1913,32952431
5892709403611496321,t,"UPDATE settlement.canonical_account_state                SET ledger_delta = $1, account_version = account_version + $11, updated_at = now()                WHERE event_stream = $2 AND source_generation = $3 AND run_id = $4                  AND participant_id = $5 AND account_id = $6 AND asset_type = $7 AND asset_id = $8                  AND ledger_delta = $9 AND account_version = $10",39539,0,3320.003138999992,39539,206093,160,272,157,0,0,0,0,43675,231,5598887
-6942440093947284639,t,"SELECT source_generation, last_stream_sequence FROM settlement.canonical_transition_admission_frontiers WHERE event_stream = $1 AND partition_id = $2",85051,0,3129.5051099999805,67243,410319,1,2,1,0,0,0,0,389,0,61573
-682622511789032949,t,"SELECT through_inclusive_sequence, obligation_count, obligation_digest                FROM settlement.canonical_transition_admissions                WHERE event_stream = $1 AND source_generation = $2 AND partition_id = $3                  AND from_exclusive_sequence = $4",62542,0,3117.485549999988,44377,203635,89,0,61,0,0,0,0,0,0,0
7668313372061457178,t,"SELECT admission_rank, from_exclusive_sequence, obligation_count,                       obligation_digest, account_set_digest, opening_digest, dependency_digest                FROM settlement.canonical_transition_admissions                WHERE event_stream = $1 AND source_generation = $2 AND partition_id = $3                  AND through_inclusive_sequence = $4",44375,0,2995.8152409999902,44375,176200,37,0,26,0,0,0,0,0,0,0
-4439504803151007943,t,SELECT admission_rank FROM settlement.canonical_transition_admissions                WHERE event_stream = $1 AND source_generation = $2 AND partition_id = $3                  AND through_inclusive_sequence = $4,44039,0,2885.0648439999964,44039,175115,0,0,0,0,0,0,0,0,0,0
-2820172236236292915,t,SELECT predecessor_rank FROM settlement.canonical_transition_dependencies                WHERE event_stream = $1 AND source_generation = $2 AND admission_rank = $3                ORDER BY predecessor_rank,44375,0,2462.361853999986,119891,170362,66,0,47,0,0,0,0,0,0,0
-6138312448544683815,t,"INSERT INTO settlement.canonical_transition_admission_frontiers(                      event_stream, partition_id, source_generation, last_stream_sequence)                    VALUES ($1, $2, $3, $4) ON CONFLICT (event_stream, partition_id) DO NOTHING",20862,0,2310.542965999988,16,41857,0,45,2,0,0,0,0,62,0,7003
-6513327838113253946,t,"SELECT source_generation, last_stream_sequence                    FROM settlement.canonical_transition_frontiers                    WHERE event_stream = $1 AND partition_id = $2 FOR UPDATE",44375,0,2268.818378000022,44375,92924,0,1,0,0,0,0,0,44376,20,2506056
-1298031147119910724,t,"UPDATE settlement.canonical_transition_admission_frontiers                        SET last_stream_sequence = $1, last_rank = $2                        WHERE event_stream = $3 AND partition_id = $4 AND source_generation = $5                          AND last_stream_sequence = $6",20851,0,2054.223531000015,20851,163993,3,62,8,0,0,0,0,20885,57,1890577
-6236820897976601314,t,"SELECT state.run_id, state.participant_id, state.account_id, state.asset_type, state.asset_id,                       state.opening_quantity, state.opening_position_count, state.ledger_delta,                       state.account_version                FROM jsonb_to_recordset($1::jsonb) AS requested(             run_id text, participant_id text, account_id text, asset_type text, asset_id text)                JOIN settlement.canonical_account_state state                  ON state.event_stream = $2 AND state.source_generation = $3                 AND state.run_id = requested.run_id AND state.participant_id = requested.participant_id                 AND state.account_id = requested.account_id AND state.asset_type = requested.asset_type                 AND state.asset_id = requested.asset_id                ORDER BY state.run_id, state.participant_id, state.account_id, state.asset_type, state.asset_id                FOR UPDATE OF state",1672,0,1970.290828,39566,120302,28,197,22,0,0,0,0,40181,691,5653154
-3041294270509765398,t,"SELECT source_generation, last_stream_sequence FROM settlement.canonical_transition_frontiers WHERE event_stream = $1 AND partition_id = $2",62542,0,1795.6121529999928,44734,84507,0,0,0,0,0,0,0,28,0,5290
6222429426393425518,t,SELECT EXISTS (SELECT $2 FROM settlement.canonical_resource_openings WHERE run_id = $1),68578,0,1699.4472480000238,68578,78498,0,0,0,0,0,0,0,0,0,0
2580175232392388117,t,"SELECT source_generation, last_stream_sequence, last_rank                    FROM settlement.canonical_transition_admission_frontiers                    WHERE event_stream = $1 AND partition_id = $2 FOR UPDATE",20862,0,1409.7048839999995,20862,143083,0,3,0,0,0,0,0,20920,51,1369890
-8983392168476693652,t,"INSERT INTO settlement.canonical_policy_bindings(                  event_stream, source_generation, run_id, venue_session_id,                  post_trade_profile_id, post_trade_policy_version, post_trade_mode,                  settlement_cycle, netting_mode, ledger_posting_mode, selection_source                ) VALUES ($1, $2, $3, $4, $5, $6, $7, $8, $9, $10, $11)                ON CONFLICT (event_stream, source_generation, run_id, venue_session_id) DO NOTHING",5859,0,669.6453030000022,1,11737,1,3,2,0,0,0,0,4,0,721
-7883200284464762866,t,"SELECT binding.run_id, binding.venue_session_id, binding.post_trade_profile_id,                       binding.post_trade_policy_version, binding.post_trade_mode,                       binding.settlement_cycle, binding.netting_mode, binding.ledger_posting_mode,                       binding.selection_source                FROM settlement.canonical_policy_bindings binding                JOIN unnest($1::text[], $2::text[]) AS keys(run_id, venue_session_id)                  ON keys.run_id = binding.run_id AND keys.venue_session_id = binding.venue_session_id                WHERE binding.event_stream = $3 AND binding.source_generation = $4",5859,0,553.7937859999998,5859,11718,0,0,0,0,0,0,0,0,0,0
-3420785186613460728,t,"INSERT INTO settlement.canonical_intake_coverage(                  event_stream, partition_id, source_generation, from_exclusive_sequence,                  through_inclusive_sequence, source_member_count, source_digest                ) VALUES ($1, $2, $3, $4, $5, $6, $7)",5861,0,420.70684399999965,5861,18359,113,711,481,0,0,0,0,11813,476,4914745
5495469828058037464,t,"SELECT source_generation, last_stream_sequence FROM settlement.canonical_intake_frontiers                WHERE event_stream = $1 AND partition_id = $2 FOR UPDATE",5863,0,394.8816899999989,5863,17579,0,25,0,0,0,0,0,5874,24,452517
-3956058094931852629,t,"SELECT source_generation, last_stream_sequence FROM settlement.canonical_obligation_frontiers                WHERE event_stream = $1 AND partition_id = $2 FOR UPDATE",5860,0,382.07386900000034,5860,16628,0,29,0,0,0,0,0,5867,30,444733
-427623197021896701,t,"INSERT INTO settlement.canonical_obligation_coverage(                  event_stream, partition_id, source_generation, from_exclusive_sequence,                  through_inclusive_sequence, trade_count, trade_digest                ) VALUES ($1, $2, $3, $4, $5, $6, $7)",5859,0,373.22097400000115,5859,18124,253,749,578,0,0,0,0,11809,474,4859209
-902128140750594653,t,"INSERT INTO settlement.canonical_transition_admission_completions(                                  event_stream, source_generation, admission_rank, obligation_digest)                                VALUES ($1, $2, $3, $4)",1673,0,350.631909999999,1673,17496,94,558,216,0,0,0,0,5043,709,4655188
6041867624007292802,t,"UPDATE settlement.canonical_obligation_frontiers                SET last_stream_sequence = $1, updated_at = clock_timestamp()                WHERE event_stream = $2 AND partition_id = $3 AND source_generation = $4                  AND last_stream_sequence = $5",5859,0,323.42397799999964,5859,22493,5,13,7,0,0,0,0,5869,11,515975
-8221634682601815793,t,"UPDATE settlement.canonical_intake_frontiers                SET last_stream_sequence = $1, last_coverage_digest = $2, updated_at = clock_timestamp()                WHERE event_stream = $3 AND partition_id = $4 AND source_generation = $5                  AND last_stream_sequence = $6",5861,0,313.79430699999943,5861,23467,2,20,5,0,0,0,0,5891,19,989546
-557027388265237829,t,"INSERT INTO settlement.canonical_transition_coverage(                  event_stream, partition_id, source_generation, from_exclusive_sequence,                  through_inclusive_sequence, obligation_count, obligation_digest)                VALUES ($1, $2, $3, $4, $5, $6, $7)",1673,0,220.70947800000067,1673,4062,2665,2655,2016,0,0,0,0,3365,477,2268629
2471538968413891618,t,SELECT data_type FROM information_schema.columns WHERE table_schema = $1 AND table_name = $2 AND column_name = $3,1443,0,177.31725800000018,1443,25981,1,0,0,0,0,0,0,5,0,347
-6542965544663474542,t,"UPDATE settlement.canonical_transition_frontiers                                SET last_stream_sequence = $1, updated_at = now()                                WHERE event_stream = $2 AND partition_id = $3 AND source_generation = $4                                  AND last_stream_sequence = $5",1673,0,98.46190199999997,1673,5085,0,1,0,0,0,0,0,1673,1,140158
6650430479887907887,t,BEGIN,76972,0,88.7644020000007,0,0,0,0,0,0,0,0,0,0,0,0
3592870475210539594,t,"select   n.nspname as schema_name,   c.relname as table_name,   pg_total_relation_size(c.oid) as total_bytes,   pg_relation_size(c.oid) as table_bytes,   pg_indexes_size(c.oid) as index_bytes,   greatest(pg_total_relation_size(c.oid) - pg_relation_size(c.oid) - pg_indexes_size(c.oid), $1) as toast_bytes,   coalesce(s.n_live_tup, $2) as live_tuples,   coalesce(s.n_dead_tup, $3) as dead_tuples,   coalesce(s.seq_scan, $4) as seq_scans,   coalesce(s.idx_scan, $5) as idx_scans,   coalesce(s.n_tup_ins, $6) as inserts,   coalesce(s.n_tup_upd, $7) as updates,   coalesce(s.n_tup_del, $8) as deletes,   coalesce(s.n_tup_hot_upd, $9) as hot_updates,   coalesce(s.vacuum_count, $10) as vacuum_count,   coalesce(s.autovacuum_count, $11) as autovacuum_count,   coalesce(s.analyze_count, $12) as analyze_count,   coalesce(s.autoanalyze_count, $13) as autoanalyze_count from pg_class c join pg_namespace n on n.oid = c.relnamespace left join pg_stat_user_tables s on s.relid = c.oid where n.nspname in ($14, $15, $16, $17, $18)   and c.relkind in ($19, $20) order by pg_total_relation_size(c.oid) desc, n.nspname, c.relname",2,0,71.947182,80,5506,56,0,42,0,0,0,0,4,0,332
-1621298055797403785,t,"INSERT INTO settlement.resource_positions   (resource_position_id, scenario_run_id, post_trade_profile_id, correlation_id,    causation_id, participant_id, account_id, asset_type, asset_id, quantity, occurred_at) VALUES ($1, $2, $3, $4, $5, $6, $7, $8, $9, $10, now()), ($11, $12, $13, $14, $15, $16, $17, $18, $19, $20, now()), ($21, $22, $23, $24, $25, $26, $27, $28, $29, $30, now()), ($31, $32, $33, $34, $35, $36, $37, $38, $39, $40, now()), ($41, $42, $43, $44, $45, $46, $47, $48, $49, $50, now()), ($51, $52, $53, $54, $55, $56, $57, $58, $59, $60, now()), ($61, $62, $63, $64, $65, $66, $67, $68, $69, $70, now()), ($71, $72, $73, $74, $75, $76, $77, $78, $79, $80, now()), ($81, $82, $83, $84, $85, $86, $87, $88, $89, $90, now()), ($91, $92, $93, $94, $95, $96, $97, $98, $99, $100, now()), ($101, $102, $103, $104, $105, $106, $107, $108, $109, $110, now()), ($111, $112, $113, $114, $115, $116, $117, $118, $119, $120, now()), ($121, $122, $123, $124, $125, $126, $127, $128, $129, $130, now()), ($131, $132, $133, $134, $135, $136, $137, $138, $139, $140, now()), ($141, $142, $143, $144, $145, $146, $147, $148, $149, $150, now()), ($151, $152, $153, $154, $155, $156, $157, $158, $159, $160, now()), ($161, $162, $163, $164, $165, $166, $167, $168, $169, $170, now()), ($171, $172, $173, $174, $175, $176, $177, $178, $179, $180, now()), ($181, $182, $183, $184, $185, $186, $187, $188, $189, $190, now()), ($191, $192, $193, $194, $195, $196, $197, $198, $199, $200, now()), ($201, $202, $203, $204, $205, $206, $207, $208, $209, $210, now()), ($211, $212, $213, $214, $215, $216, $217, $218, $219, $220, now()), ($221, $222, $223, $224, $225, $226, $227, $228, $229, $230, now()), ($231, $232, $233, $234, $235, $236, $237, $238, $239, $240, now()), ($241, $242, $243, $244, $245, $246, $247, $248, $249, $250, now()), ($251, $252, $253, $254, $255, $256, $257, $258, $259, $260, now()), ($261, $262, $263, $264, $265, $266, $267, $268, $269, $270, now()), ($271, $272, $273, $274, $275, $276, $277, $278, $279, $280, now()), ($281, $282, $283, $284, $285, $286, $287, $288, $289, $290, now()), ($291, $292, $293, $294, $295, $296, $297, $298, $299, $300, now()), ($301, $302, $303, $304, $305, $306, $307, $308, $309, $310, now()), ($311, $312, $313, $314, $315, $316, $317, $318, $319, $320, now()), ($321, $322, $323, $324, $325, $326, $327, $328, $329, $330, now()), ($331, $332, $333, $334, $335, $336, $337, $338, $339, $340, now()), ($341, $342, $343, $344, $345, $346, $347, $348, $349, $350, now()), ($351, $352, $353, $354, $355, $356, $357, $358, $359, $360, now()), ($361, $362, $363, $364, $365, $366, $367, $368, $369, $370, now()), ($371, $372, $373, $374, $375, $376, $377, $378, $379, $380, now()), ($381, $382, $383, $384, $385, $386, $387, $388, $389, $390, now()), ($391, $392, $393, $394, $395, $396, $397, $398, $399, $400, now()), ($401, $402, $403, $404, $405, $406, $407, $408, $409, $410, now()), ($411, $412, $413, $414, $415, $416, $417, $418, $419, $420, now()), ($421, $422, $423, $424, $425, $426, $427, $428, $429, $430, now()), ($431, $432, $433, $434, $435, $436, $437, $438, $439, $440, now()), ($441, $442, $443, $444, $445, $446, $447, $448, $449, $450, now()), ($451, $452, $453, $454, $455, $456, $457, $458, $459, $460, now()), ($461, $462, $463, $464, $465, $466, $467, $468, $469, $470, now()), ($471, $472, $473, $474, $475, $476, $477, $478, $479, $480, now()), ($481, $482, $483, $484, $485, $486, $487, $488, $489, $490, now()), ($491, $492, $493, $494, $495, $496, $497, $498, $499, $500, now()), ($501, $502, $503, $504, $505, $506, $507, $508, $509, $510, now()), ($511, $512, $513, $514, $515, $516, $517, $518, $519, $520, now()), ($521, $522, $523, $524, $525, $526, $527, $528, $529, $530, now()), ($531, $532, $533, $534, $535, $536, $537, $538, $539, $540, now()), ($541, $542, $543, $544, $545, $546, $547, $548, $549, $550, now()), ($551, $552, $553, $554, $555, $556, $557, $558, $559, $560, now()), ($561, $562, $563, $564,",1,0,30.747982999999998,325,4487,4,47,48,0,0,0,0,2294,0,419232
-6987234975875304399,t,create extension if not exists pg_stat_statements,1,0,22.336265,0,2776,36,34,7,0,0,0,0,699,19,185366
-7249042551970802851,t,SELECT $3 FROM information_schema.tables WHERE table_schema = $1 AND table_name = $2,234,0,11.372808999999993,234,1577,0,0,0,0,0,0,0,0,0,0
4423502926212421504,t,"CREATE TABLE settlement.canonical_settlement_obligations (   event_stream TEXT NOT NULL,   source_generation TEXT NOT NULL,   partition_id INTEGER NOT NULL,   stream_sequence BIGINT NOT NULL,   effect_ordinal INTEGER NOT NULL,   trade_id TEXT NOT NULL,   event_id TEXT NOT NULL,   run_id TEXT NOT NULL,   venue_session_id TEXT NOT NULL,   post_trade_profile_id TEXT NOT NULL,   post_trade_policy_version INTEGER NOT NULL CHECK (post_trade_policy_version > 0),   post_trade_mode TEXT NOT NULL,   settlement_cycle TEXT NOT NULL,   netting_mode TEXT NOT NULL,   ledger_posting_mode TEXT NOT NULL,   selection_source TEXT NOT NULL,   buyer_participant_id TEXT NOT NULL,   seller_participant_id TEXT NOT NULL,   buyer_account_id TEXT NOT NULL,   seller_account_id TEXT NOT NULL,   instrument_id TEXT NOT NULL,   quantity_units NUMERIC NOT NULL CHECK (quantity_units > 0),   cash_amount NUMERIC NOT NULL CHECK (cash_amount >= 0),   currency TEXT NOT NULL,   occurred_at TIMESTAMPTZ NOT NULL,   status TEXT NOT NULL DEFAULT 'PENDING' CHECK (status IN ('PENDING', 'SETTLED', 'BREAK')),   PRIMARY KEY (event_stream, source_generation, trade_id),   UNIQUE (event_stream, partition_id, stream_sequence, effect_ordinal) )",1,0,8.979968,0,1197,3,2,2,0,0,0,0,269,3,31376
-4046736704860043928,t,"CREATE TABLE IF NOT EXISTS settlement.allocations (   settlement_allocation_id TEXT PRIMARY KEY,   settlement_obligation_id TEXT NOT NULL,   scenario_run_id TEXT NOT NULL,   post_trade_profile_id TEXT NOT NULL DEFAULT 'ops-realistic-v1',   post_trade_policy_version INTEGER NOT NULL DEFAULT 1,   correlation_id TEXT NOT NULL,   causation_id TEXT NOT NULL,   trade_id TEXT NOT NULL,   buy_order_id TEXT NOT NULL,   sell_order_id TEXT NOT NULL,   buyer_account_id TEXT NOT NULL,   seller_account_id TEXT NOT NULL,   quantity TEXT NOT NULL,   state TEXT NOT NULL CHECK (state = 'ALLOCATION_PROPOSED'),   occurred_at TIMESTAMPTZ NOT NULL,   inserted_at TIMESTAMPTZ NOT NULL DEFAULT now() )",1,0,8.667584,0,896,0,1,1,0,0,0,0,180,2,19708
-2975062120286904597,t,"CREATE TABLE settlement.canonical_transition_admission_counter (   event_stream TEXT NOT NULL,   source_generation TEXT NOT NULL,   next_rank BIGINT NOT NULL DEFAULT 1 CHECK (next_rank > 0),   PRIMARY KEY (event_stream, source_generation) )",1,0,8.533896,0,837,0,2,2,0,0,0,0,145,2,15644
5891308323942735233,t,"CREATE TABLE settlement.canonical_intake_frontiers (   event_stream TEXT NOT NULL,   partition_id INTEGER NOT NULL CHECK (partition_id >= 0),   source_generation TEXT NOT NULL,   last_stream_sequence BIGINT NOT NULL,   last_coverage_digest TEXT NOT NULL DEFAULT '',   updated_at TIMESTAMPTZ NOT NULL DEFAULT now(),   PRIMARY KEY (event_stream, partition_id) )",1,0,8.433693,0,887,0,1,1,0,0,0,0,160,2,16998
-1175743443655602788,t,"CREATE TABLE IF NOT EXISTS public.reef_schema_migrations (   migration_id TEXT PRIMARY KEY,   domain_name TEXT NOT NULL,   filename TEXT NOT NULL,   checksum_sha256 TEXT NOT NULL,   applied_at TIMESTAMPTZ NOT NULL DEFAULT now() )",1,0,8.359945,0,675,96,44,4,0,0,0,0,135,30,155439
2935857466658225711,t,"CREATE TABLE IF NOT EXISTS settlement.obligations (   settlement_obligation_id TEXT PRIMARY KEY,   scenario_run_id TEXT NOT NULL,   post_trade_profile_id TEXT NOT NULL DEFAULT 'ops-realistic-v1',   post_trade_policy_version INTEGER NOT NULL DEFAULT 1,   correlation_id TEXT NOT NULL,   causation_id TEXT NOT NULL,   trade_id TEXT NOT NULL,   buyer_participant_id TEXT NOT NULL,   seller_participant_id TEXT NOT NULL,   instrument_id TEXT NOT NULL,   quantity TEXT NOT NULL,   cash_amount TEXT NOT NULL,   currency TEXT NOT NULL,   state TEXT NOT NULL CHECK (state = 'OBLIGATION_CREATED'),   occurred_at TIMESTAMPTZ NOT NULL,   inserted_at TIMESTAMPTZ NOT NULL DEFAULT now() )",1,0,8.250273,0,882,3,9,2,0,0,0,0,183,9,57097
-3254835709467612621,t,"CREATE TABLE IF NOT EXISTS settlement.resource_positions (   resource_position_id TEXT PRIMARY KEY,   scenario_run_id TEXT NOT NULL,   post_trade_profile_id TEXT NOT NULL DEFAULT 'ops-realistic-v1',   post_trade_policy_version INTEGER NOT NULL DEFAULT 1,   correlation_id TEXT NOT NULL,   causation_id TEXT NOT NULL,   participant_id TEXT NOT NULL,   account_id TEXT NOT NULL,   asset_type TEXT NOT NULL CHECK (asset_type IN ('CASH', 'SECURITY')),   asset_id TEXT NOT NULL,   quantity TEXT NOT NULL,   occurred_at TIMESTAMPTZ NOT NULL,   inserted_at TIMESTAMPTZ NOT NULL DEFAULT now() )",1,0,8.243226,0,920,1,9,3,0,0,0,0,182,8,52705
-3134565657409616545,t,"CREATE TABLE IF NOT EXISTS settlement.operator_actions (   settlement_operator_action_id text PRIMARY KEY,   scenario_run_id text NOT NULL,   post_trade_profile_id text NOT NULL DEFAULT 'ops-realistic-v1',   post_trade_policy_version integer NOT NULL DEFAULT 1,   correlation_id text NOT NULL,   causation_id text NOT NULL,   action text NOT NULL CHECK (action IN ('FORCE_SETTLE', 'REVERSE_LEDGER_ENTRY')),   target_id text NOT NULL,   reason_note text NOT NULL,   actor_type text NOT NULL CHECK (actor_type = 'USER'),   actor_id text NOT NULL,   occurred_at timestamptz NOT NULL,   inserted_at timestamptz NOT NULL DEFAULT now() )",1,0,8.07786,0,912,0,2,2,0,0,0,0,188,2,20820
7092424990829109657,t,"CREATE TABLE IF NOT EXISTS settlement.leg_outcomes (   settlement_leg_outcome_id TEXT PRIMARY KEY,   settlement_obligation_id TEXT NOT NULL,   settlement_instruction_id TEXT NOT NULL,   settlement_attempt_id TEXT NOT NULL,   scenario_run_id TEXT NOT NULL,   post_trade_profile_id TEXT NOT NULL DEFAULT 'ops-realistic-v1',   post_trade_policy_version INTEGER NOT NULL DEFAULT 1,   correlation_id TEXT NOT NULL,   causation_id TEXT NOT NULL,   leg_type TEXT NOT NULL CHECK (leg_type IN ('CASH', 'SECURITY')),   state TEXT NOT NULL CHECK (state = 'LEG_SUCCEEDED'),   occurred_at TIMESTAMPTZ NOT NULL,   inserted_at TIMESTAMPTZ NOT NULL DEFAULT now() )",1,0,8.02671,0,915,2,6,3,0,0,0,0,192,5,30511
-8300429819905981545,t,"CREATE TABLE IF NOT EXISTS settlement.clearing_submissions (   settlement_clearing_submission_id TEXT PRIMARY KEY,   settlement_obligation_id TEXT NOT NULL,   settlement_affirmation_id TEXT NOT NULL,   scenario_run_id TEXT NOT NULL,   post_trade_profile_id TEXT NOT NULL DEFAULT 'ops-realistic-v1',   post_trade_policy_version INTEGER NOT NULL DEFAULT 1,   correlation_id TEXT NOT NULL,   causation_id TEXT NOT NULL,   state TEXT NOT NULL CHECK (state = 'CLEARING_SUBMITTED'),   occurred_at TIMESTAMPTZ NOT NULL,   inserted_at TIMESTAMPTZ NOT NULL DEFAULT now() )",1,0,7.993434,0,866,0,1,1,0,0,0,0,171,2,19331
4489490284910112192,t,"CREATE TABLE settlement.canonical_resource_openings (   run_id TEXT NOT NULL,   participant_id TEXT NOT NULL,   account_id TEXT NOT NULL,   asset_type TEXT NOT NULL CHECK (asset_type IN ('CASH', 'SECURITY')),   asset_id TEXT NOT NULL,   quantity NUMERIC NOT NULL,   position_count BIGINT NOT NULL CHECK (position_count > 0),   PRIMARY KEY (run_id, participant_id, account_id, asset_type, asset_id) )",1,0,7.608069,0,909,0,4,3,0,0,0,0,172,2,23792
-5013438828811348989,t,"CREATE TABLE settlement.canonical_trade_intake (   event_stream TEXT NOT NULL,   source_generation TEXT NOT NULL,   partition_id INTEGER NOT NULL,   stream_sequence BIGINT NOT NULL,   effect_ordinal INTEGER NOT NULL,   event_id TEXT NOT NULL,   trade_id TEXT NOT NULL,   execution_id TEXT NOT NULL,   run_id TEXT NOT NULL,   venue_session_id TEXT NOT NULL,   buy_order_id TEXT NOT NULL,   sell_order_id TEXT NOT NULL,   buyer_participant_id TEXT NOT NULL,   seller_participant_id TEXT NOT NULL,   buyer_account_id TEXT NOT NULL,   seller_account_id TEXT NOT NULL,   instrument_id TEXT NOT NULL,   quantity_units TEXT NOT NULL,   price TEXT NOT NULL,   currency TEXT NOT NULL,   occurred_at_text TEXT NOT NULL,   PRIMARY KEY (event_stream, partition_id, stream_sequence, effect_ordinal),   UNIQUE (event_stream, source_generation, trade_id),   UNIQUE (event_stream, source_generation, event_id) )",1,0,6.901708,0,878,1,4,2,0,0,0,0,240,6,36521
-3577122812229038534,t,"CREATE TABLE settlement.canonical_transition_ledger_entries (   event_stream TEXT NOT NULL,   source_generation TEXT NOT NULL,   trade_id TEXT NOT NULL,   attempt_number INTEGER NOT NULL,   entry_kind TEXT NOT NULL CHECK (entry_kind IN (     'BUYER_CASH_DEBIT', 'SELLER_CASH_CREDIT',     'SELLER_SECURITY_DEBIT', 'BUYER_SECURITY_CREDIT'   )),   run_id TEXT NOT NULL,   participant_id TEXT NOT NULL,   account_id TEXT NOT NULL,   asset_type TEXT NOT NULL CHECK (asset_type IN ('CASH', 'SECURITY')),   asset_id TEXT NOT NULL,   direction TEXT NOT NULL CHECK (direction IN ('DEBIT', 'CREDIT')),   quantity NUMERIC NOT NULL CHECK (quantity >= 0),   occurred_at TIMESTAMPTZ NOT NULL,   PRIMARY KEY (event_stream, source_generation, trade_id, attempt_number, entry_kind),   FOREIGN KEY (event_stream, source_generation, trade_id, attempt_number)     REFERENCES settlement.canonical_transition_attempts(event_stream, source_generation, trade_id, attempt_number) )",1,0,6.894261,0,1035,0,1,1,0,0,0,0,262,2,30046
-8920736716771865048,t,"CREATE TABLE settlement.canonical_transition_admissions (   event_stream TEXT NOT NULL,   source_generation TEXT NOT NULL,   admission_rank BIGINT NOT NULL CHECK (admission_rank > 0),   partition_id INTEGER NOT NULL CHECK (partition_id >= 0),   from_exclusive_sequence BIGINT NOT NULL,   through_inclusive_sequence BIGINT NOT NULL,   obligation_count INTEGER NOT NULL CHECK (obligation_count >= 0),   obligation_digest TEXT NOT NULL,   account_set_digest TEXT NOT NULL,   opening_digest TEXT NOT NULL,   dependency_digest TEXT NOT NULL,   admitted_at TIMESTAMPTZ NOT NULL DEFAULT now(),   PRIMARY KEY (event_stream, source_generation, admission_rank),   UNIQUE (event_stream, source_generation, partition_id, through_inclusive_sequence),   CHECK (through_inclusive_sequence > from_exclusive_sequence) )",1,0,6.745929,0,898,0,4,4,0,0,0,0,249,3,31263
-5153286832100786333,t,"CREATE TABLE settlement.canonical_transition_admission_accounts (   event_stream TEXT NOT NULL,   source_generation TEXT NOT NULL,   admission_rank BIGINT NOT NULL,   run_id TEXT NOT NULL,   participant_id TEXT NOT NULL,   account_id TEXT NOT NULL,   asset_type TEXT NOT NULL CHECK (asset_type IN ('CASH', 'SECURITY')),   asset_id TEXT NOT NULL,   predecessor_rank BIGINT,   PRIMARY KEY (event_stream, source_generation, admission_rank,                run_id, participant_id, account_id, asset_type, asset_id),   FOREIGN KEY (event_stream, source_generation, admission_rank)     REFERENCES settlement.canonical_transition_admissions(event_stream, source_generation, admission_rank),   FOREIGN KEY (event_stream, source_generation, predecessor_rank,                run_id, participant_id, account_id, asset_type, asset_id)     REFERENCES settlement.canonical_transition_admission_accounts(       event_stream, source_generation, admission_rank,       run_id, participant_id, account_id, asset_type, asset_id),   CHECK (predecessor_rank < admission_rank) )",1,0,6.640042,0,1120,0,0,0,0,0,0,0,313,2,33003
-3466996594911151579,t,"CREATE TABLE settlement.canonical_obligation_frontiers (   event_stream TEXT NOT NULL,   partition_id INTEGER NOT NULL CHECK (partition_id >= 0),   source_generation TEXT NOT NULL,   last_stream_sequence BIGINT NOT NULL,   updated_at TIMESTAMPTZ NOT NULL DEFAULT now(),   PRIMARY KEY (event_stream, partition_id) )",1,0,6.553406,0,682,0,7,4,0,0,0,0,149,2,16942
-370781779096049589,t,"DO $$ DECLARE   constraint_name text; BEGIN   SELECT conname INTO constraint_name   FROM pg_constraint   WHERE conrelid = 'settlement.repairs'::regclass     AND contype = 'c'     AND pg_get_constraintdef(oid) LIKE '%POST_CASH_LEG_REPAIR%';   IF constraint_name IS NOT NULL THEN     EXECUTE format('ALTER TABLE settlement.repairs DROP CONSTRAINT %I', constraint_name);   END IF; END $$",1,0,5.730527,0,676,0,0,0,0,0,0,0,7,0,403
-2099033618596656338,t,"CREATE TABLE settlement.canonical_transition_dependencies (   event_stream TEXT NOT NULL,   source_generation TEXT NOT NULL,   admission_rank BIGINT NOT NULL,   predecessor_rank BIGINT NOT NULL,   PRIMARY KEY (event_stream, source_generation, admission_rank, predecessor_rank),   FOREIGN KEY (event_stream, source_generation, admission_rank)     REFERENCES settlement.canonical_transition_admissions(event_stream, source_generation, admission_rank),   FOREIGN KEY (event_stream, source_generation, predecessor_rank)     REFERENCES settlement.canonical_transition_admissions(event_stream, source_generation, admission_rank),   CHECK (predecessor_rank < admission_rank) )",1,0,5.70418,0,859,0,1,1,0,0,0,0,260,2,26498
-279723501104976523,t,"CREATE TABLE settlement.canonical_transition_attempts (   event_stream TEXT NOT NULL,   source_generation TEXT NOT NULL,   trade_id TEXT NOT NULL,   attempt_number INTEGER NOT NULL CHECK (attempt_number > 0),   partition_id INTEGER NOT NULL,   stream_sequence BIGINT NOT NULL,   run_id TEXT NOT NULL,   post_trade_profile_id TEXT NOT NULL,   post_trade_policy_version INTEGER NOT NULL CHECK (post_trade_policy_version > 0),   outcome TEXT NOT NULL CHECK (outcome IN ('SETTLED', 'BREAK')),   break_reason TEXT,   workflow_facts TEXT NOT NULL,   workflow_digest TEXT NOT NULL,   occurred_at TIMESTAMPTZ NOT NULL,   PRIMARY KEY (event_stream, source_generation, trade_id, attempt_number),   FOREIGN KEY (event_stream, source_generation, trade_id)     REFERENCES settlement.canonical_settlement_obligations(event_stream, source_generation, trade_id),   CHECK ((outcome = 'BREAK') = (break_reason IS NOT NULL)) )",1,0,5.242435,0,910,2,1,1,0,0,0,0,266,2,29512
-2799666816096703785,t,"CREATE TABLE settlement.canonical_transition_admission_completions (   event_stream TEXT NOT NULL,   source_generation TEXT NOT NULL,   admission_rank BIGINT NOT NULL,   obligation_digest TEXT NOT NULL,   completed_at TIMESTAMPTZ NOT NULL DEFAULT now(),   PRIMARY KEY (event_stream, source_generation, admission_rank),   FOREIGN KEY (event_stream, source_generation, admission_rank)     REFERENCES settlement.canonical_transition_admissions(event_stream, source_generation, admission_rank) )",1,0,5.145803,0,639,0,3,3,0,0,0,0,198,2,21705
2119935987759650766,t,"CREATE TABLE settlement.canonical_account_checkpoints (   event_stream TEXT NOT NULL,   source_generation TEXT NOT NULL,   run_id TEXT NOT NULL,   participant_id TEXT NOT NULL,   account_id TEXT NOT NULL,   asset_type TEXT NOT NULL,   asset_id TEXT NOT NULL,   account_version BIGINT NOT NULL CHECK (account_version > 0),   partition_id INTEGER NOT NULL,   from_exclusive_sequence BIGINT NOT NULL,   through_inclusive_sequence BIGINT NOT NULL,   before_delta NUMERIC NOT NULL,   after_delta NUMERIC NOT NULL,   posting_digest TEXT NOT NULL,   PRIMARY KEY (event_stream, source_generation, run_id, participant_id, account_id, asset_type, asset_id, account_version),   CHECK (through_inclusive_sequence > from_exclusive_sequence) )",1,0,4.907412,0,734,0,3,3,0,0,0,0,199,2,22238
-7684530659426622930,t,"CREATE TABLE settlement.canonical_account_state (   event_stream TEXT NOT NULL,   source_generation TEXT NOT NULL,   run_id TEXT NOT NULL,   participant_id TEXT NOT NULL,   account_id TEXT NOT NULL,   asset_type TEXT NOT NULL CHECK (asset_type IN ('CASH', 'SECURITY')),   asset_id TEXT NOT NULL,   opening_quantity NUMERIC NOT NULL,   opening_position_count BIGINT NOT NULL CHECK (opening_position_count >= 0),   ledger_delta NUMERIC NOT NULL DEFAULT 0,   account_version BIGINT NOT NULL DEFAULT 0 CHECK (account_version >= 0),   updated_at TIMESTAMPTZ NOT NULL DEFAULT now(),   PRIMARY KEY (event_stream, source_generation, run_id, participant_id, account_id, asset_type, asset_id) )",1,0,4.888389,0,831,0,1,1,0,0,0,0,233,2,26388
-1170719231953450103,t,"CREATE TABLE settlement.canonical_intake_coverage (   event_stream TEXT NOT NULL,   partition_id INTEGER NOT NULL,   source_generation TEXT NOT NULL,   from_exclusive_sequence BIGINT NOT NULL,   through_inclusive_sequence BIGINT NOT NULL,   source_member_count INTEGER NOT NULL CHECK (source_member_count > 0),   source_digest TEXT NOT NULL,   PRIMARY KEY (event_stream, partition_id, through_inclusive_sequence),   CHECK (through_inclusive_sequence > from_exclusive_sequence),   CHECK (through_inclusive_sequence - from_exclusive_sequence = source_member_count) )",1,0,4.814529,0,638,2,2,2,0,0,0,0,186,2,20660
8090020447602177887,t,"CREATE TABLE settlement.canonical_transition_frontiers (   event_stream TEXT NOT NULL,   partition_id INTEGER NOT NULL CHECK (partition_id >= 0),   source_generation TEXT NOT NULL,   last_stream_sequence BIGINT NOT NULL,   updated_at TIMESTAMPTZ NOT NULL DEFAULT now(),   PRIMARY KEY (event_stream, partition_id) )",1,0,4.801347,0,550,0,3,3,0,0,0,0,150,2,17530
5517322426296869471,t,"CREATE TABLE IF NOT EXISTS settlement.instructions (   settlement_instruction_id TEXT PRIMARY KEY,   settlement_obligation_id TEXT NOT NULL,   scenario_run_id TEXT NOT NULL,   post_trade_profile_id TEXT NOT NULL DEFAULT 'ops-realistic-v1',   post_trade_policy_version INTEGER NOT NULL DEFAULT 1,   correlation_id TEXT NOT NULL,   causation_id TEXT NOT NULL,   instruction_type TEXT NOT NULL CHECK (instruction_type = 'DVP'),   state TEXT NOT NULL CHECK (state = 'INSTRUCTION_CREATED'),   occurred_at TIMESTAMPTZ NOT NULL,   inserted_at TIMESTAMPTZ NOT NULL DEFAULT now() )",1,0,4.713005,0,590,0,5,2,0,0,0,0,193,4,32599
-3318813155813502202,t,"CREATE TABLE IF NOT EXISTS settlement.resolutions (   settlement_resolution_id TEXT PRIMARY KEY,   settlement_obligation_id TEXT NOT NULL,   settlement_break_id TEXT NOT NULL,   settlement_repair_id TEXT NOT NULL,   scenario_run_id TEXT NOT NULL,   post_trade_profile_id TEXT NOT NULL DEFAULT 'ops-realistic-v1',   post_trade_policy_version INTEGER NOT NULL DEFAULT 1,   correlation_id TEXT NOT NULL,   causation_id TEXT NOT NULL,   settlement_state TEXT NOT NULL CHECK (settlement_state = 'RESOLVED'),   exception_state TEXT NOT NULL CHECK (exception_state = 'RESOLVED'),   occurred_at TIMESTAMPTZ NOT NULL,   inserted_at TIMESTAMPTZ NOT NULL DEFAULT now() )",1,0,4.710697,0,543,0,0,0,0,0,0,0,187,2,20491
-7617546908850357022,t,"CREATE TABLE settlement.canonical_order_directory (   event_stream TEXT NOT NULL,   source_generation TEXT NOT NULL,   order_id TEXT NOT NULL,   run_id TEXT NOT NULL,   venue_session_id TEXT NOT NULL,   instrument_id TEXT NOT NULL,   participant_id TEXT NOT NULL,   account_id TEXT NOT NULL,   side TEXT NOT NULL CHECK (side IN ('BUY', 'SELL')),   currency TEXT NOT NULL,   source_partition_id INTEGER NOT NULL,   source_stream_sequence BIGINT NOT NULL,   source_effect_ordinal INTEGER NOT NULL,   PRIMARY KEY (event_stream, source_generation, order_id) )",1,0,4.647234,0,552,1,4,3,0,0,0,0,166,3,33725
-7450516824436852234,t,"DO $$ DECLARE   constraint_name text; BEGIN   SELECT conname INTO constraint_name   FROM pg_constraint   WHERE conrelid = 'settlement.leg_outcomes'::regclass     AND contype = 'c'     AND pg_get_constraintdef(oid) LIKE '%LEG_SUCCEEDED%';   IF constraint_name IS NOT NULL THEN     EXECUTE format('ALTER TABLE settlement.leg_outcomes DROP CONSTRAINT %I', constraint_name);   END IF; END $$",1,0,4.591679,0,400,40,0,0,0,0,0,0,7,0,421
344435374735196908,t,"CREATE TABLE IF NOT EXISTS settlement.confirmations (   settlement_confirmation_id TEXT PRIMARY KEY,   settlement_allocation_id TEXT NOT NULL,   settlement_obligation_id TEXT NOT NULL,   scenario_run_id TEXT NOT NULL,   post_trade_profile_id TEXT NOT NULL DEFAULT 'ops-realistic-v1',   post_trade_policy_version INTEGER NOT NULL DEFAULT 1,   correlation_id TEXT NOT NULL,   causation_id TEXT NOT NULL,   trade_id TEXT NOT NULL,   state TEXT NOT NULL CHECK (state = 'CONFIRMATION_GENERATED'),   occurred_at TIMESTAMPTZ NOT NULL,   inserted_at TIMESTAMPTZ NOT NULL DEFAULT now() )",1,0,4.565094,0,565,0,3,5,0,0,0,0,180,2,19425
-369863576957744541,t,"CREATE TABLE settlement.canonical_transition_admission_frontiers (   event_stream TEXT NOT NULL,   partition_id INTEGER NOT NULL CHECK (partition_id >= 0),   source_generation TEXT NOT NULL,   last_stream_sequence BIGINT NOT NULL,   last_rank BIGINT,   PRIMARY KEY (event_stream, partition_id) )",1,0,4.549831,0,491,0,1,1,0,0,0,0,142,2,16241
-2274057627303446641,t,"CREATE TABLE IF NOT EXISTS settlement.novations (   settlement_novation_id TEXT PRIMARY KEY,   settlement_clearing_acceptance_id TEXT NOT NULL,   settlement_obligation_id TEXT NOT NULL,   scenario_run_id TEXT NOT NULL,   post_trade_profile_id TEXT NOT NULL DEFAULT 'ops-realistic-v1',   post_trade_policy_version INTEGER NOT NULL DEFAULT 1,   correlation_id TEXT NOT NULL,   causation_id TEXT NOT NULL,   state TEXT NOT NULL CHECK (state = 'NOVATION_RECORDED'),   occurred_at TIMESTAMPTZ NOT NULL,   inserted_at TIMESTAMPTZ NOT NULL DEFAULT now() )",1,0,4.543269,0,521,0,6,5,0,0,0,0,174,2,23812
-4575026839240737395,t,"CREATE TABLE IF NOT EXISTS settlement.affirmations (   settlement_affirmation_id TEXT PRIMARY KEY,   settlement_confirmation_id TEXT NOT NULL,   settlement_allocation_id TEXT NOT NULL,   settlement_obligation_id TEXT NOT NULL,   scenario_run_id TEXT NOT NULL,   post_trade_profile_id TEXT NOT NULL DEFAULT 'ops-realistic-v1',   post_trade_policy_version INTEGER NOT NULL DEFAULT 1,   correlation_id TEXT NOT NULL,   causation_id TEXT NOT NULL,   trade_id TEXT NOT NULL,   actor_type TEXT NOT NULL CHECK (actor_type = 'SYSTEM'),   actor_id TEXT NOT NULL,   state TEXT NOT NULL CHECK (state = 'AFFIRMATION_ACCEPTED'),   occurred_at TIMESTAMPTZ NOT NULL,   inserted_at TIMESTAMPTZ NOT NULL DEFAULT now() )",1,0,4.49046,0,558,0,1,1,0,0,0,0,191,2,20979
6599443958472486497,t,"CREATE TABLE IF NOT EXISTS settlement.clearing_acceptances (   settlement_clearing_acceptance_id TEXT PRIMARY KEY,   settlement_clearing_submission_id TEXT NOT NULL,   settlement_obligation_id TEXT NOT NULL,   scenario_run_id TEXT NOT NULL,   post_trade_profile_id TEXT NOT NULL DEFAULT 'ops-realistic-v1',   post_trade_policy_version INTEGER NOT NULL DEFAULT 1,   correlation_id TEXT NOT NULL,   causation_id TEXT NOT NULL,   state TEXT NOT NULL CHECK (state = 'CLEARING_ACCEPTED'),   occurred_at TIMESTAMPTZ NOT NULL,   inserted_at TIMESTAMPTZ NOT NULL DEFAULT now() )",1,0,4.472778,0,567,0,5,2,0,0,0,0,178,2,19330
-795576876945576888,t,"CREATE TABLE IF NOT EXISTS settlement.ledger_entries (   ledger_entry_id TEXT PRIMARY KEY,   settlement_obligation_id TEXT NOT NULL,   settlement_instruction_id TEXT NOT NULL,   settlement_attempt_id TEXT NOT NULL,   scenario_run_id TEXT NOT NULL,   post_trade_profile_id TEXT NOT NULL DEFAULT 'ops-realistic-v1',   post_trade_policy_version INTEGER NOT NULL DEFAULT 1,   correlation_id TEXT NOT NULL,   causation_id TEXT NOT NULL,   participant_id TEXT NOT NULL,   account_id TEXT NOT NULL,   asset_type TEXT NOT NULL CHECK (asset_type IN ('CASH', 'SECURITY')),   asset_id TEXT NOT NULL,   direction TEXT NOT NULL CHECK (direction IN ('DEBIT', 'CREDIT')),   quantity TEXT NOT NULL,   occurred_at TIMESTAMPTZ NOT NULL,   inserted_at TIMESTAMPTZ NOT NULL DEFAULT now() )",1,0,4.371323,0,582,0,2,2,0,0,0,0,199,2,23255
-5368814966326552447,t,"CREATE TABLE IF NOT EXISTS settlement.attempts (   settlement_attempt_id TEXT PRIMARY KEY,   settlement_obligation_id TEXT NOT NULL,   settlement_instruction_id TEXT NOT NULL,   scenario_run_id TEXT NOT NULL,   post_trade_profile_id TEXT NOT NULL DEFAULT 'ops-realistic-v1',   post_trade_policy_version INTEGER NOT NULL DEFAULT 1,   correlation_id TEXT NOT NULL,   causation_id TEXT NOT NULL,   attempt_number INTEGER NOT NULL CHECK (attempt_number > 0),   state TEXT NOT NULL CHECK (state = 'ATTEMPT_STARTED'),   occurred_at TIMESTAMPTZ NOT NULL,   inserted_at TIMESTAMPTZ NOT NULL DEFAULT now() )",1,0,4.346438,0,546,3,1,0,0,0,0,0,184,3,26399
7308907577247680474,t,"INSERT INTO settlement.canonical_obligation_frontiers(                  event_stream, partition_id, source_generation, last_stream_sequence                ) VALUES ($1, $2, $3, $4) ON CONFLICT (event_stream, partition_id) DO NOTHING",16,0,4.289968,16,78,0,3,2,0,0,0,0,49,0,5066
1548520903753192390,t,"CREATE TABLE settlement.canonical_obligation_coverage (   event_stream TEXT NOT NULL,   partition_id INTEGER NOT NULL,   source_generation TEXT NOT NULL,   from_exclusive_sequence BIGINT NOT NULL,   through_inclusive_sequence BIGINT NOT NULL,   trade_count INTEGER NOT NULL CHECK (trade_count >= 0),   trade_digest TEXT NOT NULL,   PRIMARY KEY (event_stream, partition_id, through_inclusive_sequence),   CHECK (through_inclusive_sequence > from_exclusive_sequence) )",1,0,4.234717,0,570,0,0,0,0,0,0,0,165,2,18106
8292405355073791970,t,"CREATE TABLE settlement.canonical_policy_bindings (   event_stream TEXT NOT NULL,   source_generation TEXT NOT NULL,   run_id TEXT NOT NULL,   venue_session_id TEXT NOT NULL,   post_trade_profile_id TEXT NOT NULL,   post_trade_policy_version INTEGER NOT NULL CHECK (post_trade_policy_version > 0),   post_trade_mode TEXT NOT NULL,   settlement_cycle TEXT NOT NULL,   netting_mode TEXT NOT NULL,   ledger_posting_mode TEXT NOT NULL,   selection_source TEXT NOT NULL,   created_at TIMESTAMPTZ NOT NULL DEFAULT now(),   PRIMARY KEY (event_stream, source_generation, run_id, venue_session_id) )",1,0,4.227453,0,615,0,1,1,0,0,0,0,173,2,19039
7882602394884070916,t,"CREATE TABLE IF NOT EXISTS settlement.settlements (   settlement_id TEXT PRIMARY KEY,   settlement_obligation_id TEXT NOT NULL,   settlement_instruction_id TEXT NOT NULL,   settlement_attempt_id TEXT NOT NULL,   scenario_run_id TEXT NOT NULL,   post_trade_profile_id TEXT NOT NULL DEFAULT 'ops-realistic-v1',   post_trade_policy_version INTEGER NOT NULL DEFAULT 1,   correlation_id TEXT NOT NULL,   causation_id TEXT NOT NULL,   settlement_state TEXT NOT NULL CHECK (settlement_state = 'SETTLED'),   occurred_at TIMESTAMPTZ NOT NULL,   inserted_at TIMESTAMPTZ NOT NULL DEFAULT now() )",1,0,4.171439,0,516,0,0,0,0,0,0,0,172,2,18642
-6965996757290952052,t,"CREATE TABLE settlement.canonical_transition_coverage (   event_stream TEXT NOT NULL,   partition_id INTEGER NOT NULL,   source_generation TEXT NOT NULL,   from_exclusive_sequence BIGINT NOT NULL,   through_inclusive_sequence BIGINT NOT NULL,   obligation_count INTEGER NOT NULL CHECK (obligation_count >= 0),   obligation_digest TEXT NOT NULL,   PRIMARY KEY (event_stream, partition_id, through_inclusive_sequence),   CHECK (through_inclusive_sequence > from_exclusive_sequence) )",1,0,4.171349,0,576,0,1,1,0,0,0,0,166,2,21866
-3415161656395174944,t,"CREATE TABLE IF NOT EXISTS settlement.repairs (   settlement_repair_id TEXT PRIMARY KEY,   settlement_break_id TEXT NOT NULL,   settlement_obligation_id TEXT NOT NULL,   scenario_run_id TEXT NOT NULL,   post_trade_profile_id TEXT NOT NULL DEFAULT 'ops-realistic-v1',   post_trade_policy_version INTEGER NOT NULL DEFAULT 1,   correlation_id TEXT NOT NULL,   causation_id TEXT NOT NULL,   repair_action TEXT NOT NULL CHECK (repair_action = 'POST_CASH_LEG_REPAIR'),   actor_type TEXT NOT NULL CHECK (actor_type = 'USER'),   actor_id TEXT NOT NULL,   occurred_at TIMESTAMPTZ NOT NULL,   inserted_at TIMESTAMPTZ NOT NULL DEFAULT now() )",1,0,4.062969,0,549,0,2,1,0,0,0,0,187,3,22773
-274399334348044705,t,"CREATE TABLE IF NOT EXISTS settlement.clearing_rejections (   settlement_clearing_rejection_id TEXT PRIMARY KEY,   settlement_clearing_submission_id TEXT NOT NULL,   settlement_obligation_id TEXT NOT NULL,   scenario_run_id TEXT NOT NULL,   post_trade_profile_id TEXT NOT NULL DEFAULT 'ops-realistic-v1',   post_trade_policy_version INTEGER NOT NULL DEFAULT 1,   correlation_id TEXT NOT NULL,   causation_id TEXT NOT NULL,   reason TEXT NOT NULL CHECK (reason = 'CLEARING_REJECT'),   state TEXT NOT NULL CHECK (state = 'CLEARING_REJECTED'),   occurred_at TIMESTAMPTZ NOT NULL,   inserted_at TIMESTAMPTZ NOT NULL DEFAULT now() )",1,0,4.027754,0,546,0,0,0,0,0,0,0,189,2,20683
4495247981089928798,t,"CREATE TABLE IF NOT EXISTS settlement.breaks (   settlement_break_id TEXT PRIMARY KEY,   settlement_obligation_id TEXT NOT NULL,   scenario_run_id TEXT NOT NULL,   post_trade_profile_id TEXT NOT NULL DEFAULT 'ops-realistic-v1',   post_trade_policy_version INTEGER NOT NULL DEFAULT 1,   correlation_id TEXT NOT NULL,   causation_id TEXT NOT NULL,   reason TEXT NOT NULL CHECK (reason = 'CASH_LEG_FAILED'),   state TEXT NOT NULL CHECK (state = 'BROKEN'),   occurred_at TIMESTAMPTZ NOT NULL,   inserted_at TIMESTAMPTZ NOT NULL DEFAULT now() )",1,0,3.970724,0,611,0,10,3,0,0,0,0,190,3,27534
7398701611429939738,t,"CREATE TABLE settlement.canonical_intake_receipts (   event_stream TEXT NOT NULL,   source_generation TEXT NOT NULL,   partition_id INTEGER NOT NULL,   stream_sequence BIGINT NOT NULL,   batch_id TEXT NOT NULL,   command_id TEXT NOT NULL,   command_payload_hash TEXT NOT NULL,   result_digest TEXT NOT NULL,   effect_count INTEGER NOT NULL,   PRIMARY KEY (event_stream, partition_id, stream_sequence) )",1,0,3.819859,0,469,0,2,2,0,0,0,0,142,2,15346
-6671059641450981885,t,"select name, setting, coalesce(unit, $1) as unit from pg_settings where name in ($2, $3, $4, $5, $6, $7) order by name",2,0,3.383642,12,6,0,0,0,0,0,0,0,0,0,0
-6792305814141453380,t,"select name, setting, coalesce(unit, $1) as unit from pg_settings where name in ($2, $3, $4, $5, $6, $7, $8, $9, $10, $11, $12) order by name",2,0,2.449625,22,6,0,0,0,0,0,0,0,0,0,0
-5268731693047009817,t,"ALTER TABLE settlement.canonical_intake_receipts   ADD COLUMN trade_count INTEGER CHECK (trade_count >= 0),   ADD COLUMN trade_digest TEXT",1,0,2.18619,0,278,0,0,0,0,0,0,0,23,0,2447
-1321869398413363879,t,"INSERT INTO settlement.canonical_intake_frontiers(                  event_stream, partition_id, source_generation, last_stream_sequence                ) VALUES ($1, $2, $3, $4) ON CONFLICT (event_stream, partition_id) DO NOTHING",16,0,2.1798409999999993,16,106,0,3,2,0,0,0,0,49,0,5194
-3753646924670660641,t,"select   queryid,   toplevel,   left(regexp_replace(query, $1, $2, $3), $4) as query,   calls,   total_plan_time,   total_exec_time,   rows,   shared_blks_hit,   shared_blks_read,   shared_blks_dirtied,   shared_blks_written,   temp_blks_read,   temp_blks_written,   blk_read_time,   blk_write_time,   wal_records,   wal_fpi,   wal_bytes from pg_stat_statements where dbid = (select oid from pg_database where datname = current_database()) order by total_exec_time desc, queryid",1,0,2.086815,121,7,0,0,0,0,0,0,0,0,0,0
-3136912395674931128,t,SET application_name = 'PostgreSQL JDBC Driver',105,0,2.069280000000001,0,0,0,0,0,0,0,0,0,0,0,0
-1684661864376465189,t,"CREATE INDEX IF NOT EXISTS idx_settlement_allocations_run   ON settlement.allocations(scenario_run_id, occurred_at)",1,0,2.026699,0,164,0,0,0,0,0,0,0,21,1,2162
-6147514676193934824,t,"CREATE INDEX IF NOT EXISTS idx_settlement_obligations_run ON settlement.obligations(scenario_run_id, occurred_at)",1,0,2.003983,0,157,1,0,0,0,0,0,0,21,1,2162
-929965776550051499,t,"CREATE INDEX IF NOT EXISTS idx_settlement_clearing_submissions_run   ON settlement.clearing_submissions(scenario_run_id, occurred_at)",1,0,1.977184,0,166,0,0,0,0,0,0,0,21,1,2170
554941264145895347,t,"CREATE INDEX IF NOT EXISTS idx_settlement_resource_positions_run   ON settlement.resource_positions(scenario_run_id, occurred_at)",1,0,1.95722,0,171,0,0,0,0,0,0,0,21,1,2170
6923810188635665756,t,"CREATE INDEX IF NOT EXISTS idx_settlement_leg_outcomes_run   ON settlement.leg_outcomes(scenario_run_id, occurred_at)",1,0,1.944201,0,166,0,0,0,0,0,0,0,21,1,2162
3681705115407853641,t,"CREATE INDEX IF NOT EXISTS idx_settlement_operator_actions_run   ON settlement.operator_actions(scenario_run_id, occurred_at)",1,0,1.866414,0,166,0,0,0,0,0,0,0,21,1,2162
-9187676975683371106,t,"CREATE INDEX canonical_transition_admission_accounts_latest_idx   ON settlement.canonical_transition_admission_accounts   (event_stream, source_generation, run_id, participant_id, account_id,    asset_type, asset_id, admission_rank DESC)",1,0,1.812688,0,257,0,2,2,0,0,0,0,46,1,4957
770766367917662844,t,"CREATE UNIQUE INDEX canonical_account_checkpoints_window_account_idx   ON settlement.canonical_account_checkpoints   (event_stream, source_generation, partition_id, through_inclusive_sequence,    run_id, participant_id, account_id, asset_type, asset_id)",1,0,1.689601,0,276,0,1,1,0,0,0,0,54,1,9410
2699270888712053520,t,"CREATE INDEX IF NOT EXISTS idx_settlement_novations_run   ON settlement.novations(scenario_run_id, occurred_at)",1,0,1.611447,0,119,0,0,0,0,0,0,0,21,1,2162
3036336987878433276,t,"CREATE INDEX canonical_transition_admissions_partition_idx   ON settlement.canonical_transition_admissions   (event_stream, source_generation, partition_id, from_exclusive_sequence)",1,0,1.546608,0,159,0,0,0,0,0,0,0,29,1,3118
6942973803216297108,t,"CREATE INDEX IF NOT EXISTS idx_settlement_confirmations_run   ON settlement.confirmations(scenario_run_id, occurred_at)",1,0,1.526733,0,129,0,0,0,0,0,0,0,21,1,2162
8995587126347667074,t,"CREATE INDEX canonical_transition_ledger_entries_account_idx   ON settlement.canonical_transition_ledger_entries   (run_id, participant_id, account_id, asset_type, asset_id)",1,0,1.492936,0,204,0,0,0,0,0,0,0,33,1,3542
-1688870527948160694,t,"INSERT INTO public.reef_schema_migrations(migration_id, domain_name, filename, checksum_sha256) VALUES ($1, $2, $3, $4)",11,0,1.4927830000000002,11,175,0,3,2,0,0,0,0,23,0,3655
6492807195883251653,t,"CREATE INDEX IF NOT EXISTS idx_settlement_clearing_rejections_run   ON settlement.clearing_rejections(scenario_run_id, occurred_at)",1,0,1.442327,0,119,0,0,0,0,0,0,0,21,1,2170
7477453856344691712,t,"CREATE INDEX canonical_account_checkpoints_window_idx   ON settlement.canonical_account_checkpoints   (event_stream, source_generation, partition_id, through_inclusive_sequence)",1,0,1.399812,0,166,0,0,0,0,0,0,0,30,1,3182
-4205278042834314092,t,"CREATE INDEX IF NOT EXISTS idx_settlement_settlements_run   ON settlement.settlements(scenario_run_id, occurred_at)",1,0,1.389457,0,117,0,0,0,0,0,0,0,21,1,2162
5143506860932808642,t,"CREATE INDEX canonical_transition_attempts_run_trade_idx   ON settlement.canonical_transition_attempts (run_id, trade_id)",1,0,1.336936,0,111,0,0,0,0,0,0,0,21,1,2162
-5435911469985070265,t,"CREATE INDEX IF NOT EXISTS idx_settlement_ledger_entries_run   ON settlement.ledger_entries(scenario_run_id, occurred_at)",1,0,1.335922,0,119,0,0,0,0,0,0,0,21,1,2162
-6866298112853720730,t,"CREATE INDEX canonical_settlement_obligations_run_trade_idx   ON settlement.canonical_settlement_obligations (run_id, trade_id)",1,0,1.327343,0,118,0,0,0,0,0,0,0,21,1,2170
7892320620400173106,t,"CREATE INDEX IF NOT EXISTS idx_settlement_instructions_run ON settlement.instructions(scenario_run_id, occurred_at)",1,0,1.324794,0,121,0,0,0,0,0,0,0,21,1,2162
5594722727672026437,t,"CREATE INDEX IF NOT EXISTS idx_settlement_clearing_acceptances_run   ON settlement.clearing_acceptances(scenario_run_id, occurred_at)",1,0,1.321045,0,129,0,0,0,0,0,0,0,21,1,2170
-8640926713438760596,t,"CREATE INDEX IF NOT EXISTS idx_settlement_affirmations_run   ON settlement.affirmations(scenario_run_id, occurred_at)",1,0,1.271913,0,117,0,0,0,0,0,0,0,22,1,2239
5442488778520949798,t,"CREATE INDEX canonical_trade_intake_run_trade_idx   ON settlement.canonical_trade_intake (run_id, trade_id)",1,0,1.195591,0,102,0,0,0,0,0,0,0,21,1,2162
5317505054332808723,t,"select coalesce(wait_event_type, $1) as wait_event_type, coalesce(wait_event, $2) as wait_event, coalesce(state, $3) as state, count(*) as count from pg_stat_activity where datname = current_database() group by 1, 2, 3 order by count desc, wait_event_type, wait_event, state",2,0,1.17106,11,14,0,0,0,0,0,0,0,0,0,0
1202400155965802189,t,"CREATE INDEX IF NOT EXISTS idx_settlement_breaks_run ON settlement.breaks(scenario_run_id, occurred_at)",1,0,1.165178,0,125,0,0,0,0,0,0,0,21,1,2154
1398812879168645410,t,"CREATE INDEX IF NOT EXISTS idx_settlement_attempts_run ON settlement.attempts(scenario_run_id, occurred_at)",1,0,1.161798,0,122,0,3,1,0,0,0,0,21,1,2154
-1922362486146426958,t,"CREATE INDEX IF NOT EXISTS idx_settlement_resolutions_run ON settlement.resolutions(scenario_run_id, occurred_at)",1,0,1.141386,0,111,0,0,0,0,0,0,0,21,1,2162
3986515892892807251,t,"CREATE INDEX IF NOT EXISTS idx_settlement_repairs_run ON settlement.repairs(scenario_run_id, occurred_at)",1,0,1.040195,0,111,0,0,0,0,0,0,0,21,1,2154
-3059879057356298299,t,"CREATE OR REPLACE FUNCTION settlement.maintain_canonical_resource_opening() RETURNS trigger LANGUAGE plpgsql AS $$ BEGIN   IF TG_OP IN ('UPDATE', 'DELETE') THEN     DELETE FROM settlement.canonical_resource_openings      WHERE run_id = OLD.scenario_run_id AND participant_id = OLD.participant_id        AND account_id = OLD.account_id AND asset_type = OLD.asset_type        AND asset_id = OLD.asset_id AND position_count = 1;     IF NOT FOUND THEN       UPDATE settlement.canonical_resource_openings          SET quantity = quantity - OLD.quantity::numeric,              position_count = position_count - 1        WHERE run_id = OLD.scenario_run_id AND participant_id = OLD.participant_id          AND account_id = OLD.account_id AND asset_type = OLD.asset_type          AND asset_id = OLD.asset_id AND position_count > 1;       IF NOT FOUND THEN         RAISE EXCEPTION 'canonical resource opening is missing for %', OLD.resource_position_id;       END IF;     END IF;   END IF;   IF TG_OP IN ('INSERT', 'UPDATE') THEN     INSERT INTO settlement.canonical_resource_openings(       run_id, participant_id, account_id, asset_type, asset_id, quantity, position_count     ) VALUES (       NEW.scenario_run_id, NEW.participant_id, NEW.account_id, NEW.asset_type,       NEW.asset_id, NEW.quantity::numeric, 1     ) ON CONFLICT (run_id, participant_id, account_id, asset_type, asset_id)     DO UPDATE SET quantity = settlement.canonical_resource_openings.quantity + EXCLUDED.quantity,                   position_count = settlement.canonical_resource_openings.position_count + 1;   END IF;   RETURN COALESCE(NEW, OLD); END $$",1,0,0.981688,0,44,8,4,0,0,0,0,0,8,3,23625
2889318034780535647,t,"DO $$ DECLARE   constraint_name text; BEGIN   SELECT conname INTO constraint_name   FROM pg_constraint   WHERE conrelid = 'settlement.breaks'::regclass     AND contype = 'c'     AND pg_get_constraintdef(oid) LIKE '%CASH_LEG_FAILED%';   IF constraint_name IS NOT NULL THEN     EXECUTE format('ALTER TABLE settlement.breaks DROP CONSTRAINT %I', constraint_name);   END IF; END $$",1,0,0.694212,0,70,0,0,0,0,0,0,0,7,0,425
-4842751823626038005,t,CREATE TRIGGER maintain_canonical_resource_opening_after_change AFTER INSERT OR UPDATE OR DELETE ON settlement.resource_positions FOR EACH ROW EXECUTE FUNCTION settlement.maintain_canonical_resource_opening(),1,0,0.671983,0,78,3,8,5,0,0,0,0,18,0,1638
7072993134236307888,t,"select backend_type, object, context, reads, read_time, writes, write_time, writebacks, writeback_time, extends, extend_time, op_bytes, hits, evictions, reuses, fsyncs, fsync_time from pg_stat_io where object in ($1, $2) order by object, backend_type, context",2,0,0.48272799999999993,54,6,0,0,0,0,0,0,0,0,0,0
-4656403091352348048,t,CREATE SCHEMA IF NOT EXISTS settlement,1,0,0.399715,0,31,4,4,0,0,0,0,0,3,3,1184
-791187773380734953,t,"ALTER TABLE settlement.repairs   ADD CONSTRAINT repairs_repair_action_check   CHECK (repair_action IN ('POST_CASH_LEG_REPAIR', 'POST_SECURITY_LEG_REPAIR')) NOT VALID",1,0,0.3922,0,54,0,0,0,0,0,0,0,13,0,1906
3024536074425011239,t,"SELECT COALESCE((SELECT checksum_sha256 FROM public.reef_schema_migrations WHERE migration_id = $1), $2)",11,0,0.390466,11,12,0,0,0,0,0,0,0,0,0,0
8065054665630512740,t,"select coalesce((select count($1) from pg_catalog.pg_extension where extname=$2),$3) as count",2,0,0.34084600000000004,2,1,1,0,1,0,0,0,0,0,0,0
2933532422378517030,t,SHOW TRANSACTION ISOLATION LEVEL,25,0,0.29198099999999994,0,0,0,0,0,0,0,0,0,0,0,0
5164493882580297441,t,"ALTER TABLE settlement.leg_outcomes   ADD CONSTRAINT leg_outcomes_state_check   CHECK (state IN ('LEG_SUCCEEDED', 'LEG_FAILED')) NOT VALID",1,0,0.265779,0,39,0,0,0,0,0,0,0,13,0,1843
4829878731603358866,t,"ALTER TABLE settlement.breaks   ADD CONSTRAINT breaks_reason_check   CHECK (reason IN ('CASH_LEG_FAILED', 'SECURITY_LEG_FAILED')) NOT VALID",1,0,0.230754,0,43,0,0,0,0,0,0,0,13,0,1858
8189620716559584162,t,ALTER TABLE settlement.leg_outcomes   VALIDATE CONSTRAINT leg_outcomes_state_check,1,0,0.21476,0,19,0,0,0,0,0,0,0,1,0,79
-1838736587044308012,t,ALTER TABLE settlement.repairs   VALIDATE CONSTRAINT repairs_repair_action_check,1,0,0.206219,0,18,0,0,0,0,0,0,0,1,0,79
-3878033168077192304,t,"SELECT count(*),coalesce(sum(last_stream_sequence-(partition_id::bigint<<$1)),$2) FROM settlement.canonical_transition_admission_frontiers",3,0,0.204306,3,18,0,0,0,0,0,0,0,0,0,0
-6315394765335258527,t,ALTER TABLE settlement.breaks   VALIDATE CONSTRAINT breaks_reason_check,1,0,0.17267,0,23,0,0,0,0,0,0,0,1,0,79
-3732293583633518758,t,"select coalesce((select count($1) from pg_catalog.pg_views where schemaname=$2 and viewname=$3),$4) as count",4,0,0.162531,4,12,0,0,0,0,0,0,0,0,0,0
-8299825882056095750,t,"SELECT count(*),coalesce(sum(last_stream_sequence-(partition_id::bigint<<$1)),$2) FROM settlement.canonical_intake_frontiers",3,0,0.161215,3,6,0,0,0,0,0,0,0,0,0,0
1479641690267103095,t,ALTER TABLE settlement.obligations   ADD COLUMN IF NOT EXISTS post_trade_profile_id TEXT NOT NULL DEFAULT 'ops-realistic-v1',1,0,0.108134,0,9,0,0,0,0,0,0,0,0,0,0
-5361954599398179342,t,"select xact_commit, xact_rollback, blks_read, blks_hit, tup_returned, tup_fetched, tup_inserted, tup_updated, tup_deleted, conflicts, temp_files, temp_bytes, deadlocks from pg_stat_database where datname = current_database()",2,0,0.10107,2,2,0,0,0,0,0,0,0,0,0,0
3108905516558901745,t,"SELECT count(*),coalesce(sum(last_stream_sequence-(partition_id::bigint<<$1)),$2) FROM settlement.canonical_obligation_frontiers",3,0,0.093331,3,6,0,0,0,0,0,0,0,0,0,0
-4224899187873981304,t,"select wal_records, wal_fpi, wal_bytes, wal_buffers_full, wal_write, wal_sync, wal_write_time, wal_sync_time from pg_stat_wal",2,0,0.084145,2,0,0,0,0,0,0,0,0,0,0,0
-548672153250458381,t,ALTER TABLE settlement.repairs   ADD COLUMN IF NOT EXISTS post_trade_profile_id TEXT NOT NULL DEFAULT 'ops-realistic-v1',1,0,0.083637,0,9,0,0,0,0,0,0,0,0,0,0
1773224973078981400,t,ALTER TABLE settlement.attempts   ADD COLUMN IF NOT EXISTS settlement_instruction_id TEXT NOT NULL DEFAULT '',1,0,0.078229,0,9,0,0,0,0,0,0,0,0,0,0
-5518335100949654912,t,ALTER TABLE settlement.instructions   ADD COLUMN IF NOT EXISTS post_trade_profile_id TEXT NOT NULL DEFAULT 'ops-realistic-v1',1,0,0.074143,0,10,0,0,0,0,0,0,0,0,0,0
-1356148019450674241,t,ALTER TABLE settlement.resolutions   ADD COLUMN IF NOT EXISTS post_trade_profile_id TEXT NOT NULL DEFAULT 'ops-realistic-v1',1,0,0.073175,0,9,0,0,0,0,0,0,0,0,0,0
-3737953283618050157,t,ALTER TABLE settlement.breaks   ADD COLUMN IF NOT EXISTS post_trade_profile_id TEXT NOT NULL DEFAULT 'ops-realistic-v1',1,0,0.071979,0,10,0,0,0,0,0,0,0,0,0,0
-1876143038585733749,t,"SELECT count(*),coalesce(sum(last_stream_sequence-(partition_id::bigint<<$1)),$2) FROM settlement.canonical_transition_frontiers",3,0,0.063454,3,3,0,0,0,0,0,0,0,0,0,0
-6911109443227572258,t,select * from pg_stat_bgwriter,2,0,0.058351,2,0,0,0,0,0,0,0,0,0,0,0
5932580229587995138,t,ALTER TABLE settlement.obligations   ADD COLUMN IF NOT EXISTS post_trade_policy_version INTEGER NOT NULL DEFAULT 1,1,0,0.041367,0,3,0,0,0,0,0,0,0,0,0,0
2064869707185898531,t,COMMIT,39,0,0.041195999999999997,0,0,0,0,0,0,0,0,0,0,0,0
2040162434791290526,t,ALTER TABLE settlement.repairs   ADD COLUMN IF NOT EXISTS post_trade_policy_version INTEGER NOT NULL DEFAULT 1,1,0,0.038868,0,3,0,0,0,0,0,0,0,0,0,0
1827876413395845908,t,ALTER TABLE settlement.attempts   ADD COLUMN IF NOT EXISTS post_trade_profile_id TEXT NOT NULL DEFAULT 'ops-realistic-v1',1,0,0.037696,0,3,0,0,0,0,0,0,0,0,0,0
-5547957327470849123,t,ALTER TABLE settlement.resolutions   ADD COLUMN IF NOT EXISTS post_trade_policy_version INTEGER NOT NULL DEFAULT 1,1,0,0.036518,0,3,0,0,0,0,0,0,0,0,0,0
4002926745028786128,t,ALTER TABLE settlement.attempts   ADD COLUMN IF NOT EXISTS post_trade_policy_version INTEGER NOT NULL DEFAULT 1,1,0,0.0364,0,3,0,0,0,0,0,0,0,0,0,0
-26396324773598966,t,ALTER TABLE settlement.instructions   ADD COLUMN IF NOT EXISTS post_trade_policy_version INTEGER NOT NULL DEFAULT 1,1,0,0.035562,0,4,0,0,0,0,0,0,0,0,0,0
-6846825940357374746,t,ALTER TABLE settlement.breaks   ADD COLUMN IF NOT EXISTS post_trade_policy_version INTEGER NOT NULL DEFAULT 1,1,0,0.033299,0,4,0,0,0,0,0,0,0,0,0,0
-5178764705191707841,t,show server_version_num,2,0,0.031155999999999996,0,0,0,0,0,0,0,0,0,0,0,0
-3142228617725109808,t,"select current_setting($1, $2) as shared_preload_libraries",1,0,0.008176,1,0,0,0,0,0,0,0,0,0,0,0
7060392516080628361,t,"INSERT INTO settlement.canonical_resource_openings(   run_id, participant_id, account_id, asset_type, asset_id, quantity, position_count ) SELECT scenario_run_id, participant_id, account_id, asset_type, asset_id,        SUM(quantity::numeric), COUNT(*) FROM settlement.resource_positions GROUP BY scenario_run_id, participant_id, account_id, asset_type, asset_id",1,0,0.006698,0,0,0,0,0,0,0,0,0,0,0,0
